,Shapiro_statistic,Shapiro_p_value
auditory,0.9435778856277466,0.3332533836364746
visual,0.95145183801651,0.448245108127594
motor,0.934249997138977,0.23050396144390106
dmn,0.9313342571258545,0.20495820045471191
fpn,0.8984337449073792,0.05396251752972603
salience,0.9338156580924988,0.22651667892932892
limbic,0.9253461360931396,0.16074588894844055
