,Shapiro_statistic,Shapiro_p_value
auditory,0.8967623114585876,0.03029862605035305
visual,0.9837198257446289,0.9683992266654968
motor,0.95577472448349,0.4354243874549866
dmn,0.9531276822090149,0.3896994888782501
fpn,0.9572345614433289,0.46226832270622253
salience,0.9379958510398865,0.1988566666841507
limbic,0.8458823561668396,0.003610591869801283
