,Shapiro_statistic,Shapiro_p_value
auditory,0.8792834281921387,0.017175599932670593
visual,0.9823015928268433,0.9602370858192444
motor,0.9541922211647034,0.4352235198020935
dmn,0.9582409262657166,0.509334921836853
fpn,0.9653635621070862,0.6555283665657043
salience,0.9289183020591736,0.1471862643957138
limbic,0.9141760468482971,0.07658801227807999
