,Shapiro_statistic,Shapiro_p_value
auditory,0.967003345489502,0.7153394818305969
visual,0.9559577703475952,0.4956391155719757
motor,0.9747857451438904,0.8663656115531921
dmn,0.9777848124504089,0.913674533367157
fpn,0.9434366822242737,0.3037940263748169
salience,0.9264844655990601,0.14915619790554047
limbic,0.8842096328735352,0.025435958057641983
