,Shapiro_statistic,Shapiro_p_value
auditory,0.9115426540374756,0.09159662574529648
visual,0.9307305812835693,0.2000172883272171
motor,0.9367209076881409,0.25446057319641113
dmn,0.965764582157135,0.7153414487838745
fpn,0.9287987947463989,0.1849617063999176
salience,0.9216665625572205,0.13836391270160675
limbic,0.8280136585235596,0.0038857078179717064
