,Shapiro_statistic,Shapiro_p_value
auditory,0.9268635511398315,0.13436174392700195
visual,0.9600428938865662,0.544705867767334
motor,0.9688646793365479,0.73073810338974
dmn,0.9539600610733032,0.4312160611152649
fpn,0.9598425626754761,0.5407083034515381
salience,0.8732482194900513,0.013406019657850266
limbic,0.9721090793609619,0.798652708530426
