,Shapiro_statistic,Shapiro_p_value
auditory,0.9127672910690308,0.06228584051132202
visual,0.9518657922744751,0.3692616820335388
motor,0.9485920667648315,0.3203093111515045
dmn,0.9164592027664185,0.07374721020460129
fpn,0.9109119772911072,0.057235654443502426
salience,0.8190703988075256,0.0013031166745349765
limbic,0.8396979570388794,0.0028373622335493565
