,Shapiro_statistic,Shapiro_p_value
auditory,0.9652807712554932,0.6796922087669373
visual,0.9748011827468872,0.8666300773620605
motor,0.9471743702888489,0.35338419675827026
dmn,0.9550512433052063,0.4793216288089752
fpn,0.9547432661056519,0.47385933995246887
salience,0.9359138011932373,0.22233352065086365
limbic,0.9552621841430664,0.4830874800682068
