,Shapiro_statistic,Shapiro_p_value
HC,0.8582389950752258,0.007348060607910156
MDD,0.9517779350280762,0.45358604192733765
SZ,0.9119685888290405,0.08045574277639389
