Source,ddof1,ddof2,F,p-unc,np2
Group,2,35.710752434701945,0.5173398355021521,0.6005034742465514,0.01782290379911378
