,Shapiro_statistic,Shapiro_p_value
auditory,0.9248982667922974,0.10876021534204483
visual,0.9619669318199158,0.55660480260849
motor,0.9711877107620239,0.7591879963874817
dmn,0.9506309628486633,0.35011208057403564
fpn,0.9650130271911621,0.6221514344215393
salience,0.8990107774734497,0.033482786267995834
limbic,0.8679708242416382,0.008804701268672943
