,Shapiro_statistic,Shapiro_p_value
auditory,0.9352384209632874,0.17523522675037384
visual,0.9114292860031128,0.058599803596735
motor,0.9252468943595886,0.11052487045526505
dmn,0.9708284139633179,0.7513163685798645
fpn,0.9382195472717285,0.20090164244174957
salience,0.9191401600837708,0.08340967446565628
limbic,0.8594488501548767,0.006206477526575327
