,Mean_ACW_50,Mean_ACW_0,Mean_ACW_Nadir
auditory,2.025,6.125,5.975
dmn,2.4666666666666663,6.75,8.966666666666667
fpn,2.35,7.575,9.1
limbic,2.0,5.55,4.925
motor,2.175,7.725,7.875
salience,2.05,6.25,6.4
visual,2.59,9.04,11.09
