Unnamed: 1,mean,median,std,variance,iqr,min,max
auditory,6.125,5.5,1.9592896134756812,3.838815789473684,2.125,4.0,10.0
dmn,9.21666666685,8.666666667,1.8957477811638654,3.5938596497877193,2.416666665000001,5.666666667,13.0
fpn,9.025,9.0,1.8811740455028834,3.5388157894736842,2.0,4.5,12.5
limbic,5.05,5.0,1.0500626547722611,1.1026315789473686,1.625,3.5,7.0
motor,8.15,8.25,2.781990956888704,7.739473684210526,4.125,4.0,14.0
salience,6.175,6.0,2.2258942614504162,4.9546052631578945,3.25,3.0,12.0
visual,11.290000000000001,11.399999999999999,3.9949836966929047,15.959894736842106,5.85,4.0,18.2
